<?xml version="1.0"?>
<!DOCTYPE hibernate-mapping PUBLIC "-//Hibernate/Hibernate Mapping DTD 3.0//EN"
"http://hibernate.sourceforge.net/hibernate-mapping-3.0.dtd">
<!-- Generated 24-ene-2019 16:02:17 by Hibernate Tools 3.5.0.Final -->
<hibernate-mapping>
    <class name="ejHibernate.actuacion" table="ACTUACION">
        <id name="idActuacion" type="int">
            <column name="IDACTUACION" />
            <generator class="increment" />
        </id>
        <property name="hora" type="java.lang.String">
            <column name="HORA" />
        </property>
        <property name="escenario" type="java.lang.String">
            <column name="ESCENARIO" />
        </property>
    </class>
</hibernate-mapping>
