<?xml version="1.0"?>
<!DOCTYPE hibernate-mapping PUBLIC "-//Hibernate/Hibernate Mapping DTD 3.0//EN"
"http://hibernate.sourceforge.net/hibernate-mapping-3.0.dtd">
<!-- Generated 24-ene-2019 16:02:17 by Hibernate Tools 3.5.0.Final -->
<hibernate-mapping>
    <class name="ejHibernate.festival" table="FESTIVAL">
        <id name="idFestival" type="int">
            <column name="IDFESTIVAL" />
            <generator class="increment" />
        </id>
        <property name="nombre" type="java.lang.String">
            <column name="NOMBRE" />
        </property>
        <property name="lugar" type="java.lang.String">
            <column name="LUGAR" />
        </property>
        <property name="fecha" type="java.util.Date">
            <column name="FECHA" />
        </property>
    </class>
</hibernate-mapping>
