<?xml version="1.0"?>
<!DOCTYPE hibernate-mapping PUBLIC "-//Hibernate/Hibernate Mapping DTD 3.0//EN"
"http://hibernate.sourceforge.net/hibernate-mapping-3.0.dtd">
<!-- Generated 24-ene-2019 16:02:17 by Hibernate Tools 3.5.0.Final -->
<hibernate-mapping>
    <class name="ejHibernate.grupo" table="GRUPO">
        <id name="idGrupo" type="int">
            <column name="IDGRUPO" />
            <generator class="increment" />
        </id>
        <property name="nombre" type="java.lang.String">
            <column name="NOMBRE" />
        </property>
        <property name="estilo" type="java.lang.String">
            <column name="ESTILO" />
        </property>
        <property name="numMiembros" type="int">
            <column name="NUMMIEMBROS" />
        </property>
    </class>
</hibernate-mapping>
